category,book,book_id,author,publisher,edition,total_pages,pages_scraped,status,scraped_at,topics,url,file,*تنويه هام,book_index,cat_index,أصل التحقيق,أعده للشاملة,البحث في,الرابط,الكتاب,المحقق,النص,بحث في محتوى الكتب,تحقيق ودراسة,تحقيق وشرح,تنبيه,تنبيهات هامة,سنة النشر,صفحة المؤلف,عدد الأجزاء,عنى بتصحيحه,لدعم المشروع*,مراجعة,نبذة عن المشروع,نتائج البحث
الفرق_والردود,الإعلام بما في دين النصارى من الفساد والأوهام,6517,,,,,442,partial,11-06-2026 20:02:56 IST,,https://shamela.ws/book/6517,shamela_output/الفرق_والردود/الإعلام_بما_في_دين_النصارى_من_الفساد_والأوهام.txt,,,,,,,,,,,,,,,,,,,,,,,
الفرق_والردود,الاستغاثة في الرد على البكري,18328,,,,,370,partial,11-06-2026 20:02:56 IST,,https://shamela.ws/book/18328,shamela_output/الفرق_والردود/الاستغاثة_في_الرد_على_البكري.txt,,,,,,,,,,,,,,,,,,,,,,,
الفرق والردود,الانتصار في الرد على المعتزلة القدرية الأشرار,7361,يحيى بن أبي الخير العمراني (ت ٥٥٨ هـ) (شيخ الشافعية باليمن),أضواء السلف، الرياض - السعودية,الأولى، ١٤١٩ هـ - ١٩٩٩ م,,99,partial,11-06-2026 19:24:13 IST,"[+] | مقدمة التحقيق | [+] | الفصل الأول التعريف بالمؤلف | [+] | المبحث الأول: حياته الشخصية | أولا: اسمه | ثانيا: نسبته | ثالثا: كنيته | رابعا: مولده | خامسا: موطن نشأته | سادسا: أولاده | سابعا: وفاته | [+] | المبحث الثاني: حياته العلمية وآثاره | أولا: طلبه للعلم ورحلاته فيه | ثانيا: شيوخه | ثالثا: تلاميذه | رابعا: عقيدته | خامسا: مذهبه الفقهي | سادسا: مصنفاته | سابعا: مكانته وثناء العلماء عليه | [+] | الفصل الثاني: التعريف بالكتاب | المبحث الأول: اسم الكتاب | المبحث الثاني: توثيق نسبة الكتاب إلى المؤلف | المبحث الثالث: سبب تأليف الكتاب | المبحث الرابع: منهج المؤلف في الكتاب | المبحث الخامس: مصادر الكتاب | المبحث السادس: المآخذ على الكتاب | المبحث السابع: قيمته العلمية | المبحث الثامن: موضوع الكتاب | [+] | المبحث التاسع: دراسة لأهم موضوعات الكتاب | المطلب الأول: تعريف القدر لغة | [+] | المطلب الثاني: الإيمان بالقدر عند السلف | أولا: الإيمان بالقدر إجمالا: وأدلته | [+] | ثانيا: مراتب الإيمان بالقدر وأدلتها | المرتبة الأولى: الإيمان بعلم الله السابق بكل شيء | المرتبة الثانية: الإيمان بأن الله عزوجل قد كتب كل ما هو كائن إلى يوم القيامة | المرتبة الثالثة: الإيمان بعموم مشيئة الله عزوجل وأنها الموجبة لكل ما في الوجود | المرتبة الرابعة: الإيمان بأن الله خالق كل شيء ومن ذلك العباد وأفعالهم | [+] | ثالثا: مسائل تتعلق بالإيمان بالقدر | أولا: قيام الحجة على الخلق | ثانيا: تنزه الله جل وعلا عن الظلم | ثالثا: إثبات الحكمة له جل وعلا في فعله وأمره | رابعا: التلازم بين الإيمان بالقدر والتوحيد | خامسا: فوائد الإيمان بالقدر | المطلب الثالث: نشأة الخلاف في القدر وأول من قال بذلك | [+] | المطلب الرابع: التعريف بالقدرية | أولا: المعتزلة | [+] | ثانيا: الزيدية | ١ - نشأتها | ٢ - تبني الزيدية لمذهب المعتزلة | [+] | الفصل الثالث: التعريف بالنسخ المخطوطة ومنهج التحقيق | [+] | المبحث الأول: التعريف بالمخطوط | أولا: عدد النسخ | ثانيا: وصف النسخ | [+] | المبحث الثاني: منهج التحقيق | الرموز المستخدمة في الرسالة | مقدمة المصنف | ١ - فصل: في بيان عقيدة أصحاب الحديث التي أدين الله بها | ٢ - فصل: والأصول التي بنى أصحاب الحديث عليها أقوالهم، الكتاب والسنة والإجماع والقياس | [+] | ٣ - فصل - الأصل الثاني: السنة | عزو المصنف إلى المعتزلة والقدرية الطعن في الصحابة والتعليق على ذلك | ٤ - فصل - الأصل الثالث: الإجماع | ٥ - فصل: الأصل الرابع: هو القياس | ٦ - فصل - معرفة الله وجبت عندنا بالشرع خلافا للمعتزلة | ٧ - فصل - من أصول القدرية الفاسدة زعمهم أن المعدوم شيء | [+] | ٨ - فصل - ادعاء المعتزلة أنه لا تصح معرفة الله إلا بالأدلة التي رتبها المتكلمون - الجوهر - الأعراض - الأجسام الرد عليهم وبيان أن الشفاء والغناء بالقرآن | الاستدلال على الله عز وجل بالنظر في مخلوقاته | الاستدلال على البعث بالأمور التي ذكرها الله في القرآن أن معرفة الله تحصل بما ذكر بدون كلام المتكلمين والنقل عن علماء السلف في تحريم الكلام وإنه بدعة والنقل عن الغزالي في وذمة للكلام وبيان خطره | [+] | ٩ - فصل - نفي الزيدي القدري لصفات الله عز وجل متابعة للمعتزلة | الأدلة على إثبات الصفات الله عز وجل | الرد على القدري في ادعائه نفي الصفات بعدم الحاجة واستدلاله بقوله تعالى ""هو الغني له "" | ١٠ - فصل - سمىى المعتزض القدري نفسه وأهل مذهبه أهل العدل سمي أهل الحديث الحشويه - الرد عليه | [+] | ١١ - فصل - نهى النبي - صلى الله عليه وسلم - عن الخوض في القدر محمول على كلام | القدرية في القدر | تكلم الصحابة في القدر بالإثبات | ١٢ - فصل - اعتراض القدري على قولي في الرسال التي كتبتها أنها نصيحة والرد عليها | [+] | ١٣ - فصل - الآثار في النهي عن مجالسة القدرية واعتراض القدري والرد عليه في ذلك | استدلال الزيدي بآثار مكذوبه موضوعه | بيان المصنف أنه لا يصح للقدرية الاستدلال بالشرع لطعنهم في أهل الحديث | عناية السلف بالسنة | قول المصنف عن القدري الزيدي بأنه وأسلافه يطعنون في الصحابة | أن هذا القدري وأهل مذهبه يقولون بقول الجهميه والرافضة | ١٤ - فصل - احتج القدري بدامغه بقول على (لعلك ظننت قضاءا لازما) والجواب عن ذلك | ١٥ - فصل - ادعاء القدري بأن لقب القدرية يلزم الذين يقولون بإثبات القدر - والرد عليه | ١٦ - فصل - بيان أن أهل الحديث هم الظاهرون وأنهم أهل السنة احتجاج القدري بأن القلة فيهم تدل على أنهم أهل الحق والرد عليهم | ١٧ - فصل - ادعاء القدري أن أهل السنة يقولون أن المؤمن يقدر على الخير ولا يقدر على الشر والرد عليهم ذلك | ١٨ - فصل - الاستدلال من القرآن على أن الله خالق أفعال العباد | ١٩ - فصل - ادعاء القدري بأن الأفعال لو كانت خلقا لنا لم تقف أحوالنا - والرد عليها | ٢٠ - فصل - الرد على القدري في ادعائه بأن أفعال العباد لو كانت خلقا لله لم يحسن الأمر بشيء منها ولا النهي عن شيء منها | ٢١ - فصل - الرد على القدري في قوله بأن الله لو كان خالقا لأفعال العباد لكان سابا لنفسه ومكذبا لرسله بخلقه ذلك | [+] | ٢٢ - فصل - الرد على القدري في ادعائه بأن القدرية هم أهل الحديث رمي القدري أهل السنة بمذهب الجبرية | نقل المصنف عن القدرية بأنهم يقولون أن الله يريد الخير ويقدر عليه ولا يريد الشر ولا يقدر عليه | معنى كلمة «القضاء» وتصريفاتها | ٢٣ - فصل - الرد على القدري في قوله أن الله لو كان خالقا لأفعال العباد لوجب أن يسمي ظالما وكاذبا تعالى الله عن ذلك | [+] | ٢٤ - فصل - الاستدلال بقوله تعالى {والله خلقكم وما تعملون} قول النبي - صلى الله عليه وسلم - ""أن الله صانع الحزم"" | ادعاء القدري بأن هذا خبر آحاد، والرد عليه | قول القدري لو كانت اعمال العباد خلقا لله لكانت الحجة لقوم إبراهيم عليه في الآية السابقة | ٢٥ - فصل - ومن الأدلة {ومن آياته خلق السموات والأرض} | ٢٦ - فصل - ومن الأدلة {وأسروا قولكم أو اجهروا به} | ٢٧ - فصل - ومن الأدلة (والذين يدعون من دون الله لا يخلقون) | [+] | ٢٨ - فصل - ومن الأدلة (إلا له الخلق والأمر) (هل من خالق غير الله) | ومن الأدلة (أنطقنا الله الذي انطق كل شيء) | (يسيركم في البحر) | [+] | ٢٩ - فصل - قول القدري: زعموا أن ما يحدث في العالم من المخازي والفضائح فالله خالقه والكفار مبر أون منه، والرد عليه | قول المصنف أن الحسن والقبح انما عرف بالشرع والتعليق على ذلك | قول مصنف: لوخلقهم وعذبهم ابتداءا من غير عمل لم يكن ظالما لهم، والتعليق على ذلك | احتجاج القدري على زعمه السابق بـ (ذلك بأن الله لم يك مغيرا نعمة) والرد على احتجاجه | ٣٠ - فصل - احتج القدري بأن العباد يخلقون أفعالهم بقوله تعالى {وأن منهم لفريقا يلوون الستهم) والجواب عن ذلك | ٣١ - فصل - استدلاله المخالف ب (فتبارك الله أحسن الخالقين) والرد على استدلاله | ٣٢ - فصل - احتج القدري ب (وكل شيء فعلوه) (وما تفعلوا) ونحوها، والرد على احتجاجه | ٣٣ - فصل - استفسارات من القدري عن خلق الأفعال هل خلق الله للمعاصي هو نفس المعصية أم لا؟ هل كسب العبد لها هو نفسها أم غيرها؟ هل خلق الله لها هو كسب العبد لها؟ وبيان ذلك كله | ٣٤ - فصل - استدلال المصنف بأن عدم علم العباد علما تاما بأفعالهم دليل على أنهم لم يخلقوها. واعتراض القدري - والرد عليه | ٣٥ - فصل - قول القدري لو كانت أفعال العباد خلقا لله لمامدحهم ولا ذمهم على شيء منها والرد عليها | ٣٦ - فصل - قول القدري: لو كانت أفعال العباد لله لم يأمر العباد ولم اينهاهم عن شيء منها والرد عليها | ٣٧ - فصل - ومن الدليل على خلق الأفعال (وجعلنا في قلوب الذين أتبعوه) (وجعل بينكم مودة ورحمة) | [+] | ٣٨ - فصل - لو كان العبد خالقا لفعله لقدر على اعادته | الكلام على المتولدات والتعليق على ذلك | قول المعتزلة في المقتول | [+] | ٣٩ - فصل - الزام القدرية بأن قولهم أنهم يخلقون أفعالهم يلزم منه أن خلقهم أحسن من خلق الله لأنه يتضمن الإيمان والعبادات وفي هذا تكذيب خبر الله | القول في الاستطاعة وأنها عرض ولا يبقى زمانين | قول شيوخ المعتزلة في الاستطاعة | قول أصحاب الطبائع | اتباع القدري المذهب جهم في الصفات وبيان مذهب الجهميه | تصريح المعتزلة بأن أسماء الله مخلوقه | تعليل القدري لنفي الصفات بأنه يلزم من إثباتها أن تكون الهدكهو، والرد على ذلك | قول المصنف أن الفعل وقع بقدرة قديمة من الله وكسب من العبد | ٤٠ - فصل - يلزم القدرية أن يقولون أن القردة ونحوها أحسن من إيمان الأنبياء وسائر المؤمنين | ٤١ - فصل - قول المصنف ان صفات الله ليست هوولا هو هي ولا هو غيرها ولا هي غيره، والتعليق على ذلك | [+] | ٤٢ - فصل - في إثبات الإرادة من الله لجميع أفعال العباد | قول المعتزلة في الإدارة | الأدلة على إثبات الإرادة | معنى الفتنة عند القدري | معنى التطهير عند القدري | بيان معنى التطهير والرد على القدري فيما تأوله | معنى الفتنة في القرآن والرد على القدري في تأويله | قول القدري أن الإرادة محدثه | نفي القدري أن الله يضل أحدا لأن ذلك قبيح لا يفعله الله وأن هذا أصل من أصول القدرية | أن القدرية مشبهة في الأفعال لأن في زعمهم أنه لا يجوز من الله إلا ما يجوز من المخلوق | قول المصنف «وقد وجدنا الزنا لا يسمى قبيحا قبل ورود الشرع - والتعليق على ذلك | معنى الطهارة في القرآن | ٤٣ - فصل - الرد على القدرية في زعمهم أن الله لا يفعل إلا ما فيه مصلحة العباد بقوله تعالى: (فأنا فتنا قومك) ونحوها من الآيات | [+] | ٤٤ - فصل - دعوى القدري أنه لا حجة في قوله تعالى (يضل من يشاء ويهدي من يشاء) ومعنى الضلال والهدى عنده | بيان المصنف لمعنى الضلال والرد على القدري | بيان معنى الهدى والرد على القدري | [+] | ٤٥ - فصل - إثبات المشيئة الله عز وجل والأدلة على ذلك | عند القدرية أن الله شاء إيمان جميع الناس | تقسيم المشيئة عند القدري إلى مشيئة تمكين واختيار وإلى مشيئة قهر وإجبار وأن الله شاء الأولى منهما والرد عليه | المعتزلة لا يفرقون بين الإرادة والمشيئة | قول المصنف «والخلق مقهورون مجبورونه والتعليق على ذلك وأن الجبر لفظة الأولى تجنبها | [+] | ٤٦ - فصل - استدلال القدري بقوله تعالى {يريد الله بكم اليسر ولا ريد بكم العسر} على أن الله لا يريد من العباد إلا الخير - والرد عليه | معنى العسر واليسر | ٤٧ - فصل - من الأدلة الإثبات المشيئة وأن من آمن بمشيئة الله ومن لم يؤمن فبمشيئة الله ولو أننا نزلنا إليهم الملائكة | ٤٨ - فصل - من الأدلة الإثبات الإرادة (فعال لما يريد) (يفعل ما يريد) والرد على اعتراض القدر على ذلك | ٤٩ - فصل - استدلال القدري بقوله تعالى {وما الله يريد ظلما للعباد} على نفي إرادة كل ظلم منه ومن غيره، والرد عليه | ٥٠ - فصل - استدل القدري على نفي الإرادة أن أفعال المعصية مكروهة عند الله - والرد عليه | ٥١ - فصل - جمع القدري بين الإرادة والمحبة ونفيه الإرادة بقوله تعالي {والله لا يحب الفساد} والرد عليه بعدم التلازم بين الإرادة والمحبة | [+] | ٥٢ - فصل - في أنه لا تلازم بين الأمر والإرادة والدليل على ذلك أن الله أمر إبراهيم بذبح ولده | قول المصنف أن الذبيح إسحاق - والتعليق على ذلك. ومن الدليل على ما سبق {انفروا خفافا وثقالا} الرد على مزاعم القدري في أن الله لا يأمر إلا ما يريد | ٥٣ - فصل - يستدل القدري بقوله تعالى {ويريد الشيطان أن يضلهم} على أن الله لا يريد أفعال الشر من العباد، والرد عليه | ٥٤ - فصل - استدل القدري بقوله تعالى {يريد الله ليبين لكم ويهديكم} على قوله السابق، والرد عليه | ٥٥ - فصل - ومن الأدلة الإثبات القدر قول ابن عباس «الإيمان بالقدر نظام التوحيد) | ٥٦ - فصل - ومن الأدلة أيضا: لو أراد الله أن لا يعصى ما خلق ابليس | ٥٧ - فصل - الاستدلال بأن الله يعلم أن إبليس سيضل الخلق قبل خلقه قول بعض المعتزلة بأن الله لا يعلن الشيء قبل أن يكون | [+] | ٥٨ - فصل - من الأدلة أن يقال اليس أولى بالإلهية من يعلم كل شيء وكذلك من لا يريد كون شيء إلا كان | انكار القدري لقول المسلمين «ما شاء الله كان وما لم يشأ لم يكن»، والرد عليه | معنى قول النبي - صلى الله عليه وسلم - ""والشر ليس إليك"" معني كلمة «القدر» في اللغة والشرع | ٥٩ - فصل - استدلال القدري بقوله تعالى {سيقول الذين أشركوا لو شاء الله} على نفي المشيئة، والرد عليه | [+] | ٦٠ - فصل - في أن الله خص المؤمنين بالهداية وأنه طبع على قلوب الكافرين | ادعاء القدري أنه لا يتصور التكليف على قول من قال إن الله خالق أفعال العباد، والرد عليه | قول المخالف في معنى الهداية، والرد عليه | ٦١ - فصل - قول المخالف في معنى الطبع والختم على قلوب الكفار والرد عليه | ٦٢ - فصل - الزامات للمعتزلة في أن الله لم يساو بين خلقه في عدة أمور منها - كتابة الإيمان في القلوب - النفاق الرأفة - الغفلة - الربط على القلوب - التأليف | ٦٣ - فصل - الإلزام للمعتزلة في أن الله لم يسار بين الأنبياء وغيرهم في الهداية واللطف | [+] | ٦٤ - فصل - اعتراض القدري على الاستدلال بقوله تعالى {وجعلنا على قلوبهم أكنه} بتأويل فاسد والرد عليه | النقل عن بعض السلف عنايتهم بتفسير القرآن وكبار تلاميذ ابن عباس | ٦٥ - فصل - الأدلة على أن الله يهدي من يشاء | ٦٦ - فصل - من الأدلة {فمن يرد الله أن يهديه يشرح صدره للإسلام} | ٦٧ - فصل من الأدلة {أفرأيت من اتخذ إلهه هواه واضله الله على علم} | [+] | ٦٨ - فصل - من الأدلة {ولكن الله حبب إليكم الإيمان} والرد على اعتراض القدري على ذلك | طعن القدري في الاستدلال بدليل الخطاب والرد عليه | ادعاء القدري بأن الله لم يزين للكافرين اعمالهم وإنما زينها لهم الشيطان، والرد على ذلك | ٦٩ - فصل - ومن الأدلة {أفمن شرح الله صدره للإسلام فهو على نور من ربه} | [+] | ٧٠ - فصل - ومن الأدلة {يهدي الله لنوره من يشاء} | إثبات صفة النور لله عز وجل | [+] | ٧١ - فصل - ومن الأدلة {فسنيسره لليسرى وأما من بخل واستغني وكذب بالحسني} | إثبات أن الله قد كتب مكان كل نفس من الجنة والنار | ٧٢ - فصل - ومن الأدلة {فألهمها فجورها وتقواها} | ٧٣ - فصل - ومن الأدلة {الم تر أنا أرسلنا الشياطين على الكافرين تؤزهم أزا} | ٧٤ - فصل - ومن الأدلة {كذلك حقت كلمت ربك على الذين فسقوا انهم لا يؤمنون} وما أشبهها من الآيات | [+] | ٧٥ - فصل - ومن الأدلة {ولقد ذرأنا لجهنم كثيرا من الجن} | الأقول في {وما خلقت الجن والإنس إلا ليعبدون} | [+] | ٧٦ - فصل - ومن الأدلة {ربنا لا تزغ قلوبنا بعد إذ هديتنا} وأمثالها من الآيات | معنى قوله تعالى {قال رب احكم بالحق} | [+] | ٧٧ - فصل ومن الأدلة أن الله أمر إبليس بالسجود والكفار بالإيمان وهو يعلم أنه لا يكون ذلك منهم | معنى التمني وأنه لا يكون من الله | قصة الغرانيق | ٧٨ - فصل - ومن الأدلة تسليط إبليس على الكفار والعصاة | ٧٩ - فصل - ومن الأدلة {ونبلوكم بالشر والخير فتنة} | ٨٠ - فصل - ومن الأدلة أن الله أمر نبيه بالاستعاذة به من الشر فدل على أنه مخلوق | [+] | ٨١ - فصل - الاستدلال بقوله تعالى: {ما كان لهم الخيرة} | قول المصنف: «والمشيئة والإرادة معنى واحده والتعليق على ذلك | [+] | ٨٢ - فصل - أن خلق الله للعباد وإرسال الرسل والتكليف والثواب على الطاعة جائز من الله وليس بواجب عليه كما زعم المعتزلة | قول المصنف «فاستحقاقه للحكمة لذاته لا لفعله الحكمة «والتعليق على ذلك | قول المصنف أن له أن يحملهم ما لا طاقة لهم به» والتعليق على التكليف بما لا يطاق | ادعاء المعتزلي بأن الله لا يجوز أن يفعل بعباده إلا ما فيه المصلحة لهم لأن المالك منا ليس له أن يتصرف في ملكه إلا على الوجه الحسن - والرد على ذلك | نفي المصنف أن يفعل الله لعلة وغرض، والتعليق على ذلك | [+] | ٨٣ - فصل - أدلة أوردها المصنف لإثبات أن الله أن يفرض على عباده مال لا طاقة لهم به، والتعليق على ذلك | الكلام على صفة الساق | ٨٤ - فصل - الأدلة الدالة على أن الله يفعل ما يشاء وفيها الرد على المعتزلة في ادعائهم أن الله يجب عليه مراعاة الأصلح | [+] | ٨٥ - فصل - ومن الأدلة على أنه لا يجب على الله مراعاة الأصلح قول المصنف، وأي صلاح لابن آدم في خلقه وتكليفه وتعريضه للمخالفة ثم العقاب | ذكر بعض الأخبار عن بعض السلف أنهم تمنوا أنهم لم يكونوا شيئا | ٨٦ - فصل - الرد على دعوى القدري أن الله يجب عليه فعل الأصلح بمثال الثلاثة إخوة | ٨٧ - فصل - من الأدلة أيضا أن الله يؤلم الأطفال وكذلك الحيوان | ٨٨ - فصل - الاستدلال بادلة من السنة وآثار على أن الله يفعل ما يشاء | [+] | ٨٩ - فصل - الأدلة عن الصحابة وغيرهم من العلماء بأن الله خلق أفعال العباد وأن الله أراد ما فعل العباد من طاعة ومعصية | استدلال القدري بآثار والرد على استدلاله | ٩٠ - فصل - استدلال القدري بأثر غير صحيح عن علي مع أنه حجه عليه | ٩١ - فصل - استدلال القدري بأثار غير صحيحة عن ابن عباس والرد عليه والنقل عن ابن عباس وغيره إثبات القدر | ٩٢ - فصل - استدلال القدري بأدلة أضافها إلى بعض العلماء والرد عليه بالنقول الصحيحة عن العلماء في إثبات القدر | ٩٣ - فصل - شبهه للقدرية في قوله تعالى {ما أصابك من حسنة فمن الله وما أصابك من سيئة فمن نفسك} والجواب عن ذلك | ٩٤ - فصل - شبهه للقدرية في {فمن شاء فليؤمن ومن شاء فليكفر} | [+] | ٩٥ - فصل - آثار في ذم القدرية | غيلان القدري مع عمر بن عبد العزيز | [+] | ٩٦ - فصل - في ذكر أن الله موصوف بالكلام والأدلة على ذلك | قول الجهمية والمعتزلة في القرآن أنه مخلوق | قول الكلابيه والأشعرية وموافقهم للمعتزلة بأن القرآن المسموع المتلو مخلوق | أن المصنف سبق له الكتابة والرد على الأشعرية والقدرية في مسألة القرآن في كتاب مختصر | الأدلة على أن القرآن كلام الله غير مخلوق من القرآن والأثر | [+] | ٩٧ - فصل - في تفصيل قول الأشعرية في الكلام والقرآن والرد عليهم | الدليل على إثبات الصوت | الزامات للأشعرية في الكلام والقرآن | الأخبار عن السلف في الرد على اللفظية وذمهم والأشعرية من ضمن من ينالهم الذم | الرد على الواقفه | [+] | ٩٨ - فصل - تلبيسات المعتزلة في دعواهم بخلق القرآن والرد على تلبيساتهم | عجز الأشعري وابن كلاب عن الدر على المعتزلة في مسألة القرآن فوفقوهم على خلقه | احتجاجات الأشعرية بنفي الحرف والصوت وإثبات الكلام النفسي والرد على ذلك | ٩٩ - فصل - في ذكر الزامات ذكرها الغزالي في الاقتصاد له واجاب عنها بأجوبة فاسدة، والرد عليه | ١٠٠ - فصل - في رفع المصاحف آخر الزمان وإنكار الأشعرية ذلك | [+] | ١٠١ - فصل - في أن مبدأ اللغات توقيفي | الاختلاف في الاسم والمسمى | قول المصنف {وهو موصوف في الأزل بأنه سيخلق ويرزق قبل أن يخلق ويرزق» والتعليق على ذلك | [+] | ١٠٢ - فصل - في إثبات العلو والاستواء | أقوال المعطلة والمشبهة في هذا | الأدلة على إثبات العلو والاستواء | الزامات تلزم من يزعم أن الله بكل مكان والرد على شبههم | تأويل المعتزلة والمعطلة للاستواء بالاستيلاء والرد على ذلك | إثبات الباقلاني وهو من الأشعرية للعلو والاستواء | زعم الغزالي أن رفع الأيدي إلى السماء لأن السماء قبلة الدعاء، والرد عليه | [+] | ١٠٣ - فصل - في إثبات الصفات الله عز وجل | مذهب المعتزلة والأشعرية في الصفات وبيان أن مذهب السلف والعلماء التصديق بكل ما ورد صحيحا وعدم التأويل | [+] | ١٠٤ - فصل - رؤية الله يوم القيامة وأقوال المنحرفين في ذلك والأدلة على إثبات الرؤية | الدليل على إبطال قول الأشعرية أنه يرى لا في جهة | الرد على المعتزلة في نفيهم للرؤية وذكر شبههم من القرآن والرد عليها | [+] | ١٠٥ - فصل - في إثبات الإسراء يقظة | خلاف الصحابة في رؤية النبي صلى الله عليه وسلم ربه عز وجل | الأدلة على إثبات الإسراء | النقل عن الصحابة في اختلافهم في رؤية النبي - صلى الله عليه وسلم - ربه عز وجل في الدنيا | ١٠٦ - فصل - إثبات أن الجنة والنار مخلوقتان والرد على من أنكر ذلك من المعتزلة | [+] | ١٠٧ - فصل - في أن أهل الكبائر من الموحدين لا يكفرون وأنهم في الآخرة تحت المشية | أقوال المخالفين من المرجئة والحواج والمعتزلة الأدلة على قول أهل السنة والرد علي الخالفين | [+] | ١٠٨ - فصل - إثبات الشفاعة لأهل الكبائر وإنكار أهل الزيغ ذلك | الأدلة على إثبات الشفاعة | القول في معنى الأحاديث التي وردت بتحريم الجنة أو الخلود في النار على بعض الكبائر | القول في الأحاديث التي تنفي الإيمان لارتكاب بعض الكبائر | [+] | ١٠٩ - فصل - في إثبات عذاب القبر | آثار في سماع أو رؤية شيء من عذاب القبر | ١١٠ - فصل - في إثبات الميزان والصراط والحوض وإنكار أهل الزيغ ذلك | ١١١ - فصل - في ذكر فضائح القدرية وهي رواية عن بعض العلماء في دعائه على ميت من القدرية | ١١٢ - فصل - في معاني بعض الألفاظ الشرعية في اللغة والشرع مثل، الدين، الكفر، الشرك، اليهود، النصاري، الفسق، النفاق | [+] | ١١٣ - فصل - في الإسلام والإيمان | الخلاف في الفرق بين الإسلام والإيمان | الأقوال في تعريف الإيمان ومذهب أهل الحديث | قول المصنف في الفرق بين الإسلام والإيمان والتعليق على ذلك | الأدلة على أن الإيمان قول واعتقاد وعمل | كفر تارك الصلاة | احتجاج الأشعرية على أن الإيمان هو التصديق وبيان الحق في ذلك | الرد على استدلالات مرجئة الفقهاء | [+] | ١١٤ - فصل - في أن الإيمان يزيد بالطاعة وينقص بالمعصية | إنكار المرجئة وأهل الزيغ زيادة الإيمان ونقصانه | الأدلة على زيادة الإيمان ونقصانه | أحاديث في فضل العقل | [+] | ١١٥ - فصل - في الاستثناء في الإيمان | المعاني المحتملة للاستثناء أربعة | ١١٦ - فصل: في ذكر فضائح المرجئة | ١١٧ - فصل - أن الجن وإبليس من خلق الله وإنكار بعض المبتدعة لذلك | ١١٨ - فصل - في الدجال وأنه خارج كما ورد | ١١٩ - فصل به في المعارف ومعرفة الله | [+] | ١٢٠ - فصل - أن معرفة الإمام ليس بشرط في اعتقاد الإيمان | مسائل تتعلق بالأمامة | شروط الامامة ومنها اشتراط أن يكون الإمام قرشيا | بم تنعقد الإمامه؟ | [+] | ١٢١ - فصل - في أن الإمام بعد رسول الله لي أبو بكر الصديق رضي الله عنه والخلاف في كيفية ثبوت أمامته | أقوال أهل الزيغ من الروافض وغيرهم في الإمام بعد رسول الله - صلى الله عليه وسلم - | الرد على الروافض في ادعاء النص على علي رضي الله عنه | عقد الامامه لأبي بكر الصديق رضي الله عنه | الأدلة على تقديم أبي بكر رضي الله عنه | فضائل أبي بكر رضي الله عنه وخصائصه | [+] | ١٢٢ - فصل - في الرد على الروافض في طعنهم في خلافة أبي بكر الصديق | الرد على احتجاجات الروافض وغيرهم في دعواهم النص على خلافة علي رضي الله عنه | [+] | ١٢٣ - فصل - في خلافة أمير المؤمنين عمر بن الخطاب رضي الله عنه | استخلاف أبي بكر لعمر رضي الله عنهما | الأدلة على خلافة عمر رضي الله عنهم وفضائله | [+] | ١٢٤ - فصل - في خلافة عثمان رضي الله عنه | مقتل عمر وخلافة عثمان رضي الله عنهما | فضائل عثمان رضي الله عنه | ١٢٥ - فصل - أن القوم الذين قتلوا عثمان رضي الله عنه فسقه ظلمه وكلما تأولوه لا يبيح قتله | [+] | ١٢٦ - فصل - في خلافة علي رضي الله عنه | فضائل علي رضي الله عنه | الرد على الخوارج في طعنهم في خلافة علي رضي الله عنه | قائمة المراجع",https://shamela.ws/book/7361,shamela_output/الفرق_والردود/الانتصار_في_الرد_على_المعتزلة_القدرية_الأشرار.txt,,,,رسالة دكتوراة من قسم العقيدة في الجامعة الإسلامية بالمدينة النبوية بإشراف الشيخ عبد المحسن بن حمد العباد ١٤١١ هـ,,,,الانتصار في الرد على المعتزلة القدرية الأشرار,سعود بن عبد العزيز الخلف (عضو هيئة التدريس في الجامعة الإسلامية بالمدينة المنورة),,,,,,,,[العمراني],٣,,,,,
الفرق_والردود,التسعينية,17581,,,,,80,partial,11-06-2026 20:02:56 IST,,https://shamela.ws/book/17581,shamela_output/الفرق_والردود/التسعينية.txt,,,,,,,,,,,,,,,,,,,,,,,
الفرق والردود,العثمانية,96338,عمرو بن بحر بن محبوب الكناني بالولاء، الليثي، أبو عثمان لجاحظ (ت ٢٥٥ هـ),دار الجيل، بيروت,الأولى، ١٤١١ هـ - ١٩٩١ م,٢٨٠,276,complete,11-06-2026 18:40:22 IST,ثم إنا مخبرون عن مقالة العثمانية | فصل: وقالوا: فإن قال قائل: فما بالكم لم تذكروا عليا في هذه الطبقة | فصل: فأما علماء العثمانية ومتكلموهم، وأهل القدم والرياسة منهم | فصل: ولو لم تعرف الروافض ومن ذهب مذهبها | فصل: وقد ذكر فضائله وفخر بقرابته وسابقته | فصل: وأعجب من ذلك أنه لم يدع هذا له أحد في دهره كما لم يدعه لنفسه | فصل: ومعلوم عند ذوي التجربة والعارفين بطبائع الأتباع | فصل: وقد علمتم ما صنعت المصاحف في طبائع أصحاب علي | فصل: فأما إسلامه وهو حدث غرير وغلام صغير | فصل: ولو كان الأمر في علي على ما يقولون | فصل: وقد نجد الصبي الذكي يعرف من العروض وجها، ومن النحو صدرا | فصل: ولو كان علي أيضا بالغا وكان مقتضبا كزيد وخباب لم يكن إسلامه ليبلغ قدر إسلامهما | فصل: والدليل على أن إسلام أبي بكر كان أفضل من إسلام زيد وخباب | فصل: ولذلك كان جبير بن مطعم أعلم قريش بالعرب بعد أبي بكر | فصل: ثم الذي كان من دعائه إلى الإسلام وحسن احتجاجه حتى أسلم على يديه طلحة والزبير وسعد وعبد الرحمن وعثمان | فصل: وممن أسلم على يده بلال,https://shamela.ws/book/96338,shamela_output/الفرق_والردود/العثمانية.txt,,,,,,,,العثمانية,,,,,عبد السلام محمد هارون,,,,[الجاحظ],,,,,,
الفرق والردود,الفرق بين الفرق,6520,عبد القاهر بن طاهر بن محمد بن عبد الله البغدادي التميمي الأسفراييني، أبو منصور (ت ٤٢٩هـ),دار الآفاق الجديدة - بيروت,الثانية، ١٩٧٧,٣٥٥,353,complete,11-06-2026 19:16:54 IST,بسم الله الرحمن الرحيم رب يسر ولا تعسر | الفصل الاول | الفصل الثاني من هذا الباب | الفصل الاول من فصول هذا الباب في بيان مقالات فرق الرفض | وقد هجا حماد عجرد بشارا وقال في هجائه ويا أقبح من قرد اذا عمى القرد | فاجابه شاعر الزيدية إمامنا منتصب قائم لا كالذى يطلب بالعربلة كل إمام لا يرى جهرة ليس يساوى عندنا خردلة | الفصل الثالث من فصول هذا الباب في بيان مقالات فرق الضلال من القدرية المعتزلة عن الحق | وسنذكر تمام أبيات هذه القصيدة بعد هذا إن شاء الله غز وجل ذكر العمرية منهم هؤلاء أتباع عمرو بن عبيد بن باب | الفصل الرابع من فصول هذا الباب في بيان الفرق المرجئة وتفصيل مذاهبهم | الفصل الخامس فى ذكر مقالات الفرق التجارية | الفصل السادس من فصول هذا الباب في ذكر الجهمية والبكرية والضرارية وبيان مذاهبها | الفصل السابع من هذا الباب فى ذكر مقالات الكرامية وبيان أوصافها | الفصل الثامن فى بيان مذاهب المشبهة من أصناف شتى | الباب الرابع من ابواب هذا الكتاب في بيان الفرق التي انتسبت الى الاسلام وليست منها | الفصل الاول من فصول هذا الباب فى ذكر قول السبابية وبيان خروجها عن ملة الاسلام | الفصل الثانى من فصول هذا الباب في ذكر البيانية من الغلاة وبيان خروجها عن فرق الاسلام | الفصل الثالث فى ذكر المغيرية من الغلاة وبيان خروجها عن جملة فرق الاسلام | الفصل الرابع من هذا الباب فى ذكر الحربية وبيان خروجهم عن فرق الامة | الفصل الخامس من هذا الباب فى ذكر المنصورية وبيان خروجها عن جملة فرق الاسلام | الفصل السادس من هذا الباب فى ذكر الجناحية من الغلاة وبيان خروجها عن فرق الاسلام | الفصل السابع من هذا الباب في ذكر الغرابية والمفوضية والذمية وبيان خروجهم عن فرق الامة | الفصل الثامن من هذا الباب في ذكر الشريعية والنميرية من الرافضة | الفصل التاسع من هذا الباب في ذكر اصناف الحلولية وبيان خروجها عن فرق الاسلام | الفصل الحادي عشر من فصول هذا الباب فى ذكر اصحاب الاباحة من الخرمية وبيان خروجهم عن جملة فرق الاسلام | الفصل الثانى عشر من فصول هذا الباب فى ذكر اصحاب التناسخ من اهل الاهواء وبيان خروجهم عن فرق الاسلام | الفصل الثالث عشر من فصول هذا الباب فى بيان ضلالات الحايطية من القدرية وبيان خروجهم عن فرق الامة | الفصل الرابع عشر من فصول هذا الباب في ذكر الحمارية من القدرية وبيان خروجهم عن فرق الأمة | الفصل الخامس عشر من فصول هذا الباب في ذكر اليزيدية من الخوارج وبيان خروجهم عن فرق الاسلام | الفصل السادس عشر من هذا الباب فى ذكر الميمونية من الخوارج وبيان خروجهم عن فرق الاسلام | الفصل السابع عشر من فصول هذا الباب فى ذكر الباطنية وبيان خروجهم عن جميع فرق الاسلام | ومن رآه من غلاة الرافضة كالسبابية والبيانية والمغيرية والمنصورية والخطابية لم يحتج معه الى تأويل الآيات والاخبار لانهم يتأولونها معهم على وفق ضلالتهم ومن رآه من الرافضة زيديا او اماميا مائلا الى الطعن فى اخبار الصحابة دخل عليه من جهة شتم الصحابة وزين | قال عبد القاهر قد أجبنا هذا القائل بقولنا فيه أتطمع فى دخول جنات عدن وأنت عدو تيم أو عدى وهم تركوك أشقى من ثمود وهم تركوك أفضح من دعى وفى نار الجحيم غدا ستصلى اذا عاداك صديق النبي | والارنب تنام مفتوحة العينين وقالوا ليس في الحيوان ما لسانه مقلوب الا الفيل وليس في ذوات الاربع ماثديه على صدره الا الفيل وقالوا ان الفيل تضع لسبع سنين والحمار لسنة والبقرة في ذلك كالمرأة وقالوا في قضيب الارنب والثعلب انه عظم وقالوا كل ذى رجلين اذا | الفصل الثانى من فصول هذا الباب فى بيان تحقيق النجاة لاهل السنة والجماعة | الفصل الثالث من فصول هذا الباب في بيان الاصول التى اجتمعت عليها اهل السنة | الفصل الرابع من فصول هذا الباب فى قولنا في السلف الصالح من الامة | الفصل الخامس من فصول هذا الباب في بيان عصمة الله,https://shamela.ws/book/6520,shamela_output/الفرق_والردود/الفرق_بين_الفرق.txt,,,,,,,,الفرق بين الفرق وبيان الفرقة الناجية,,,,,,,,,[عبد القاهر البغدادي],,,,,,
الفرق والردود,الفصل في الملل والأهواء والنحل,6521,أبو محمد علي بن أحمد بن سعيد بن حزم الأندلسي القرطبي الظاهري (ت ٤٥٦هـ),مكتبة الخانجي - القاهرة,,,158,partial,11-06-2026 19:20:45 IST,[+] | الجزء ١ | بسم الله الرحمن الرحيم | الكلام على من قال إن فاعل العالم ومدبره أكثر من واحد | الكلام على النصارى | الكلام على من يقول أن البارىء خلق العالم جملة كما هو بجميع أحواله بلا زمان | الكلام على من ينكر النبوة والملائكة | الكلام على من قال أن في البهائم رسلا | الرد على من زعم أن الأنبياء عليهم السلام ليسوا أنبياء اليوم ولا الرسل اليوم رسلا | الكلام على من قال بتناسخ الأرواح | فصل في الكلام على من أنكر الشرائع من المنتمين الى الفلسفة بزعمهم وهم أبعد الناس عن العلم بها جملة | الكلام على اليهود وعلى من أنكر التثليب من النصارى | فصل في مناقضات ظاهرة وتكاذيب واضحة في الكتاب الذي تسميه اليهود التوراة وفي سائر كتبهم وفي الأناجيل الأربعة يتيقن بذلك تحريفها وتبديله وأنها غير الذي أنزل الله عز وجل | فصل | فصل | فصل | فصل | فصل | فصل | فصل وقبل هذا ذكر هابيل بن آدم وأنه راعي غنم ثم قال قبل ذلك بنحو ورقتين أر لامك المذكور آنفا اتخذ امرأتين اسم إحداهما عادة والثانية صلة وولدت عادة يابال وهو أول من سكن الأخبية وملك الماشية وهاتان قضيتان تكذب إحداهما الأخرى لا بد | فصل | فصل | فصل | فصل | فصل | فصل | فصل | فصل | فصل | فصل | فصل | فصل | فصل | فصل | فصل | لا سيما مع تقضي جميع الآماد التي كانوا ينبئون بأنها لا تنقضي حتى يرجع أمرهم واعلموا أن كل أمة أدبرت فإنهم ينتظرون من العودة ويمنون أنفسهم من الرجعة بمثل ما تمنى به بنو إسرائيل أنفسها ويذكرون في ذلك مواعيد كمواعيدهم فأمل كأمل ولا فرق كانتظار مجوس الفرس | فصل | فصل | فصل | فصل | فصل | فصل | فصل | فصل | فصل | فصل | فصل | فصل | فصل | فصل | فصل | فصل | فصل | فصل | فصل | فصل | فصل | فصل | فصل | فصل | فصل | فصل | فصل | فصل | فصل | فصل | فصل | فصل | [+] | الجزء ٢ | بسم الله الرحمن الرحيم | ذكر مناقضات الأناجيل الأربعة والكذب الظاهر الموضوع فيها | فصل وفي الباب الثالث من انجيل متي فلحق يسوع يعنى المسيح بالمفاز وساقه الروح إلى هنالك ولبث فيه ليقيس إبليس نفسه فيه فلما أن مضى أربعين يوما بليالها جاع فوقف إليه الجساس وقال له إن كنت ولد الله فأمر هذه الجنادل تصير لك خبزا فقال | فصل | فصل | فصل | فصل | فصل | فصل | فصل | فصل | فصل | فصل | فصل | فصل | فصل | فصل | فصل | فصل | فصل | فصل | فصل | فصل | فصل | فصل | فصل | فصل | فصل | فصل | فصل | فصل | فصل | فصل | فصل | فصل | فصل | فصل | فصل وفي العاشر من إنجيل مارقش أن المسيح أن المسيح عليه السلام قال لتلاميذه أن دخول الجمل في سم الخياط أيسر من دخول المثري في ملكوت الله | فصل وفي العاشر من إنجيل مارقش أن باطرة قال ليسوع المسيح ها نحن قد خلينا الجميع واتبعناك فأجابه يسوع وقال له أمين أقول لكم ليس من أحد ترك بيتا أو إخوة | فصل وفي الباب العاشر من إنجيل مارقش أن رجلا قال للمسيح أيها المعلم الصالح فقال له المسيح لم تقول لي صالح الله هو الصالح وحده وفي التاسع من إنجيل يوحنا أن المسيح قال أنا الراعي الصالح فمرة ينكران يكون صالحا وأن لا صالحا إلا الله ومرة يقول أنه صالح وكل | فصل وبعد هذا الفصل متصلا به والرب لما أن تكلم بهذا قبض إلى السماء وجلس | فصل وفي أول إنجيل لوقا أن نفرا قبلنا راموا وصف الأشياء التي كملت فينا كالذي دلنا عليه معشر الذين عاينوا الأمر وكانوا حملة الحديث فرأيت أن أقفوا آثارهم من أوله على التجويد وأكتبه لك أيها الكريم لأن تفهم حق الكلام الذي علمته واطلعت عليه وأنت به ماهر هذا | فصل | فصل | فصل | فصل | فصل | فصل | فصل | فصل | فصل | فصل | فصل | فصل | فصل | فصل | فصل | فصل | فصل | فصل | فصل | فصل | فصل | فصل | فصل | فصل | فصل | فصل | ذكر بعض ما في كتبهم غير الأناجيل من الكذب والكفر والهوس | يعنى الزكاة ثم ذكر القبائل الثابتة على الطاعة فقال | ذكر فصول يعترض بها جهلة الملحدين على ضعفة المسلمين | مطلب بيان كروية الأرض | مطلب بيان كذب من ادعى لمدة الدنيا عددا معلوما | بسم الله الرحمن الرحيم | الكلام في التوحيد ونفي التشبيه | القول في المكان والإستواء | الكلام في العلم | الكلام في سميع بصير وفي قديم | فمعنى هذا الخبر لو كشف تعالى الستر الذي جعل دون سطوته لأحرقت عظمته ما انتهى إليه حفظه ورعايته من خلقه وكذلك قول عائشة أم المؤمنين رضي الله عنها الحمد لله الذي وسع سمعه الأصوات إنما هو بمعنى أن علمه وسع كل ذلك يعلم السر وأخفى ثم نزيد بيانا بعون الله | الكلام في الوجه واليد والعين والجنب والقدم والتنزل والعزة والرحمة والأمر والنفس والذات والقوة والقدرة والأصابع | يريد أن يتلقاها بالسعي إلا على كان قوله وكلتا يديه يمين أي كل ما يكون منه تعالى من الفصل فهو إلا علي وكذلك صح عن رسول الله صلى الله عليه وسلم أنه قال أن جهنم لا تملأ حتى يضع فيها قدمه وصح أيضا في الحديث حتى يضع فيها رجله ومعنى هذا ما قد بينه رسول الله | الكلام في المائية | [+] | الجزء ٣ | بسم الله الرحمن الرحيم الكلام في الرؤية | الكلام في الهدى والتوفيق | الكلام في الإضلال | الكلام في القضاء والقدر | الكلام في البدل | الكلام في خلق الله عز وجل لأفعال خلقه | الكلام في هل شاء الله عز وجل كون الكفر والفسق | الكلام في اللطف والأصلح | فلزم على هذا الأصل أن يحدد الله تعالى لأهل الجنة آلا ما فيها ليتجدد لهم بذلك وجود اللذة وهذا خروج عن الأسلام ويلزمهم أيضا أن يدخل النبيين والصالحين النار ثم يخرجهم منها الى الجنة فتضاعف اللذة والسرور أضعافا بذلك ويقال لهم كنا نكون | الكلام في هل لله تعالى نعمة على الكفار أم لا | والكفر والطاعات والمعاصي والوعد والوعيد | فجعله حجة وأبو زياد الكلابي يقول ما عرفت العرب قط إلا يهقان وإنما هو اللهق بيت معروف ويسمع قول ابن أحمر كناه نقلق عن مأموسة الحجر وعلماء اللغة يقولون أنه لم يعرف قط لأحد من العرب أنه سمى النار مأموسى إلا ابن أحمر فيجعله حجة ويجيز قول من قال من الأعراب | فأوقع الله تعالى إسم الصيام على الإمتناع من الأكل والشرب والجماع وتعمد القيء من وقت محدود وهو تبين الفجر الثاني إلى غروب الشمس في أوقات من السنة محدودة فإن تعدى ذلك لم يسم صياما وهذا أمر لم تعرفه العرب قط فظهر فساد قول من قال أن الأسماء لا تنتقل في | اعترافات للمرجئية الطبقات الثلاث المذكورة | الكلام في تسمية المؤمن بالمسلم والمسلم بالمؤمن وهل الإيمان والإسلام إسمان لمسمى واحد ومعنى واحد أو لمسميين ومعنيين | وتعبد الحور العين والخلق المستأنف وهل يعصى ملك أو لا | شركة النبطيون الفصل في الملل والأهواء والنحل للأمام إبن حزم | [+] | الجزء ٤ | هل تعصى الأنبياء عليهم الصلاة والسلام | الكلام في آدم عليه السلام | الكلام في نوح عليه السلام | الكلام في إبراهيم عليه السلام | الكلام في لوط عليه السلام | الكلام في موسى عليه السلام وأمه | الكلام في الملائكة عليهم السلام | هل يكون مؤمنا من إعتقد الإسلام دون إستدلال | الكلام في الوعد والوعيد | فإن قالوا خصوا وعيد الشرك بالموازنة قلنا لا يجوز لأن الله تعالى منع ذلك قال تعالى ومن يرتدد منكم عن دينه فيمت وهو كافر فأولئك حبطت أعمالهم في الدنيا والآخرة | الموافاة | الكلام في من لم تبلغه الدعوة ومن تاب عن ذنب أو كفر ثم رجع فيما تاب عنه | الكلام في الشفاعة والميزان والحوض وعذاب القبر والكتبة | مستقر الأرواح قال أبو محمد اختلف الناس في مستقر الأرواح وقد ذكرنا بطلان قول أصحاب التناسخ في صدر كتابنا هذا والحمد لله رب العالمين فذهب قوم من الروافض إلى أن أرواح الكفار ببرهوت وهو بئر بحضرموت وأن أرواح المؤمنين بموضع آخر أظنه الجابية وهذا قول | الكلام في القيامة وتغيير الأجساد | الكلام في خلق الجنة والنار | الكلام في بقاء أهل الجنة والنار أبدا | بسم الله الرحمن الرحيم لا إله إلا الله عدة للقائه | الكلام في وجوه الفضل والمفاضلة بين الصحابة | الكلام في حرب علي من حاربه من الصحابة رضي الله عنهم | الكلام في أمامه المفضول | الكلام في عقد الأمامة بماذا تصح | الأمر بالمعروف والنهي عن المنكر | الكلام في الصلاة خلف الفاسق | ذكر العظائم المخرجة الى الكفر | ذكر شنع الشيعة | ذكر شنع الخوارج | ذكر شنع المعتزلة | شنع المرجئة | ذكر شنع لقوم لا تعرف فرقهم | والله ما هم من المغرورين بهم في قبولهم عنهم وحسن الظن بهم إلا كما قال الآخر وساع مع السلطان يسمى عليهم ومحترس من مثله وهو حارس | [+] | الجزء ٥ | المعاني التي يسميها أهل الكلام اللطائف والكلام في السحر وفي المعجزات التي فيها إحالة الطبائع يجوز واحدها لغير الأنبياء أم لا | وكذلك دعوى النصارى لرهبانهم وقدمائهم فإنهم يدعون لهم من قلب الأعيان أضعافا ما يدعيه هؤلاء وكذلك دعوى اليهودي لأحبارهم ورؤوس المثايب عندهم أن رجلا منهم رحل من بغداد إلى قرطبة في يوم واحد وأنه أثبت قرنين في رأس رجل مسلم من بني الإسكندراني كان يسكن | الكلام في الجن ووسوسة الشيطان وفعله في المصروع | الكلام في الطبائع | نبوة النساء | الكلام في الرؤيا | الكلام في أي الخلق أفضل | فصرح بأن الاسم غير المسمى تصريحا لا يحتمل التأويل بخلاف ما أدعوه على لبيد وأما قول سيبويه أن الأفعال أمثلة أحدث من لفظا إحداث الأسماء فلا حجة لهم فيه فبيقين ندري أنه أراد إحداث أصحاب الأسماء برهان ذلك قوله في غير ما وضع من كتابه أمثلة الأسماء في | الكلام في الألوان | الكلام في المتوالد والمتولد,https://shamela.ws/book/6521,shamela_output/الفرق_والردود/الفصل_في_الملل_والأهواء_والنحل.txt,,,,,,,,الفصل في الملل والأهواء والنحل,,,,,,,,,[ابن حزم],٥ × ٣,,,,,
الفرق والردود,المختار في الرد على النصارى,37716,عمرو بن بحر بن محبوب الكناني بالولاء، الليثي، أبو عثمان، الشهير بالجاحظ (ت ٢٥٥هـ),دار الجيل - بيروت,الأولى، ١٤١١ هـ - ١٩٩١ م,٩٠,38,complete,11-06-2026 18:40:43 IST,مقدمة المؤلف | فصل منه | فصل منه | فصل منه | فصل منه | فصل منه | فصل منه | فصل منه | فصل منه | فصل منه,https://shamela.ws/book/37716,shamela_output/الفرق_والردود/المختار_في_الرد_على_النصارى.txt,,,,,,,,المختار في الرد على النصارى,د / محمد عبد الله الشرقاوي,,,,,,,,[الجاحظ],,,,,,
الفرق_والردود,تبيين كذب المفتري فيما نسب إلى الأشعري,6549,,,,,332,partial,11-06-2026 20:02:56 IST,,https://shamela.ws/book/6549,shamela_output/الفرق_والردود/تبيين_كذب_المفتري_فيما_نسب_إلى_الأشعري.txt,,,,,,,,,,,,,,,,,,,,,,,
الفرق والردود,كشف أسرار الباطنية وأخبار القرامطة,38186,أبو عبد الله محمد بن مالك بن أبي الفضائل الحمادي المعافري اليماني (ت نحو ٤٧٠هـ),مكتبة الساعي - الرياض,,٧٥,45,complete,11-06-2026 19:21:44 IST,المقالة في أصل الدعوة الملعونة ومبدئها | باب | باب ذكر ما كان من القداح وعقبه لعنه الله وتعلق بسببه ودخل ضلالته ومذهبه | باب خروج ميمون القداح من سلمية إلى الكوفة | باب في ذكر أبي سعيد الجنابي لعنه الله | باب ذكر الحسن بن مهران المعروف بالمقنع | باب ذكر محمد بن زكريا لعنه الله | باب ذكر علي بن فضل الجدني لعنه الله | باب ذكر علي بن فاضل بن أحمد الجدني لعنه الله | باب ذكر أولاد المنصور | باب ذكر ابتداء دولة الصليحيين,https://shamela.ws/book/38186,shamela_output/الفرق_والردود/كشف_أسرار_الباطنية_وأخبار_القرامطة.txt,,,,,,,,كشف أسرار الباطنية وأخبار القرامطة,محمد عثمان الخشت,,,,,,,,[محمد بن مالك الحمادي],,,,,,
الفرق والردود,مقالات الإسلاميين ت ريتر,37614,أبو الحسن الأشعري (ت ٣٢٤هـ),دار فرانز شتايز، بمدينة فيسبادن (ألمانيا),الثالثة، ١٤٠٠ هـ - ١٩٨٠ م,٦١١,607,complete,11-06-2026 18:48:33 IST,هذا ذكر الاختلاف | مقالات الشيع | مقالات الخوارج | [+] | أول مقالات المرجئة | ذكر اختلاف المرجئة | [+] | مقالات المعتزلة | وهذا شرح قول المعتزلة في التوحيد وغيره | وهذا شرح قول عبد الله بن كلاب في الأسماء والصفات | هذا شرح اختلاف الناس في التجسيم | ذكر قول الجهمية | [+] | ذكر قول الضرارية | أصحاب ضرار بن عمر | [+] | ذكر قول الحسينية | الحسين بن محمد النجار | [+] | ذكر قول البكرية | هذه حكاية قول قوم من النساك | [+] | هذه حكاية جملة | قول أصحاب الحديث وأهل السنة | فأما أصحاب عبد الله بن سعيد القطان | [+] | ذكر قول زهير الأثري | وأما أبو معاذ التومني | هذا ذكر اختلاف الناس في الدقيق | وهذا ذكر اختلاف الناس في الأسماء والصفات | [+] | ذكر قول الكلابية | شرح قول عبد الله بن كلاب | القول في القرآن,https://shamela.ws/book/37614,shamela_output/الفرق_والردود/مقالات_الإسلاميين_ت_ريتر.txt,,,,,,,,مقالات الإسلاميين واختلاف المصلين,,,,,,,,,[أبو الحسن الأشعري],,هلموت ريتر,,,,
الفرق والردود,مقالات الإسلاميين ت زرزور,4137,أبو الحسن علي بن إسماعيل بن إسحاق بن سالم بن إسماعيل بن عبد الله بن موسى بن أبي بردة بن أبي موسى الأشعري (ت ٣٢٤هـ),المكتبة العصرية,الأولى، ١٤٢٦هـ - ٢٠٠٥م,,814,complete,11-06-2026 19:08:13 IST,"مقدمة | ذكر الاختلاف - أمهات الفرق | [+] | مقالات الروافض | قول الروافض في التجسيم | قول الرافضة في حملة العرش | القول بأن الله عالم حي قادر | قول الرافضة في جواز البداء على الله تعالى | قول الرافضة في القرآن | قول الرافضة في أعمال العباد | قول الروافض في إرادة الله | قول الرافضة في الاستطاعة | قول الروافض في أعمال الإنسان والحيوان | قول الروافض في التولد | قول الروافض في الرجعة | قول الروافض في القرآن: هل زيد أو نقص منه؟ | قول الروافض في الأئمة هل يجوز أن يكونوا أفضل من الأنبياء؟ | قول الروافض في جواز المعصية على الرسول | قول الروافض في الأئمة: هل يسع جهلهم؟ | قول الروافض في علم الإمام | قول الروافض في ظهور الأعلام على الأئمة | قول الروافض في النظر والقياس | قول الروافض في النسخ | قول الروافض في الإيمان | قولهم في الوعيد | قولهم في خلق الشيء | قول الرافضة في تعذيب الأطفال | قولهم في ألم الأطفال في الدنيا | قول الروافض في من حارب علي | قول الروافض في التحكيم | قولهم في جواز الخروج قبل ظهور الإمام | قولهم في الصلاة خلف مخالفيهم | واختلفت الروافض في سباء نساء مخالفيهم | قولهم في الجزء الذي لا يتجزأ | قولهم في حقيقية الجسم | قولهم في المداخلة | قولهم في حقيقة الإنسان | قولهم في الطفرة | آراء في أمور مختلفة لهشام بن الحكم | رجال الرافضة ومؤلفو كتبهم | قول الزيدية في البارئ عز وجل | قولهم في الأسماء والصفات | قول الزيدية في قدرة البارئ على الظلم والكذب | قول الزيدية في خلق الأعمال | قول الزيدية في الاستطاعة | قول الزيدية في الإيمان والكفر | قول الزيدية في مرتكب الكبيرة | قولهم في اجتهاد الرأي | قولهم في تحكيم علي | قولهم في الخروج على الأئمة وفي الصلاة خلف مخالفيهم | [+] | مقالات الخوارج | جماع رأي الخوارج | قول النجدية | العجاردة وفرقها | فرق الإباضية | قول الخوارج في التوحيد | قولهم في القرآن | قولهم في القدر | قولهم في الوعيد | قولهم في السيف | قولهم في الخلفاء والإمامة | قولهم في الأطفال | قولهم في اختلاف الرأي | قولهم في التكليف قبل البعثة | قولهم في رزق الحرام | [+] | أول مقالات المرجئة | ذكر اختلاف المرجئة | الجهمية | قول أبي الحسين الصالحي | قول أصحاب يونس السمري | قول يونس وأبي شمر | اختلافهم في تحديد الكفر | اختلافهم في المعاصي | قولهم في المقلد في الإيمان | قولهم في الأخبار إذا وردت عن الله | اختلافهم في الأمر والنهي | اختلافهم في تخليد الكفار | اختلافهم في فجار أهل القبلة | اختلافهم في الصغائر والكبائر | اختلافهم في غفران الكبائر بالتوبة | اختلافهم في معاصي الأنبياء | اختلافهم في الموازنة | اختلافهم في إكفار المتأولين | اختلافهم في العفو عن مظالم العباد | اختلافهم في التوحيد | اختلافهم في الرؤية | اختلافهم في الفرآن | اختلافهم في ماهية البارئ عز وجل | اختلافهم في القدر | اختلافهم في أسماء الله عز وجل وصفاته | [+] | قول المعتزلة في التوحيد وغيره | قولهم في الأسماء والصفات | القول في المكان | القول في رؤية الله عز وجل | القول في أن الله عز وجل عالم قادر | قولهم في معلومات الله | قولهم في أفعال الله | قولهم في صفات الله الأزلية | قول عبد الله بن كلاب في الأسماء والصفات | اختلاف أصحاب عبد الله بن كلاب في القول بأن الله قديم بقدم | الصفات هي الموصوف | هل تتغاير الصفات | هل وجه البارئ هو هو؟ | هل صفاته أشياء؟ | هل صفات البارئ قديمة؟ | هل البارئ هو اسمه؟ | هل الأسماء والصفات هي الأقوال؟ | هل الله لم يزل سميعا بصيرا؟ | هل يقال: لم يزل سامعا مبصرا؟ | هل الله قادر أم لا؟ | هل الله غني عزيز؟ | القول: إن الله كريم؟ | هل المحسن عادل؟ | هل الله قديم؟ | هل يسمى البارئ شيئا أم لا؟ | هل البارئ غير الأشياء؟ | هل يقال: إن الله جواد؟ | هل يكون علم الله على شرط؟ | هل الله عالم ... حقيقي؟ | القول في البارئ إنه متكلم | قول المعتزلة في صفات الأفعال؟ | قول المعتزلة في صفات الذات | قول المعتزلة في ""وجه الله"" | القول في أن الله مريد | القول في كلام الله عز وجل | هل يبقى الكلام؟ | هل مع القراءة كلام آخر؟ | هل الكلام هو القراءة؟ | هل الكلام حروف؟ | هل الكلام موجود مع كتابته؟ | هل يسمى الله فاعلا لما خلقه؟ | معنى ""إن الله خالق"" عندهم | قولهم في العين واليد | هل يقال: إن الله وكيل أو لطيف؟ | هل يقال: الله قبل الأشياء؟ | هل تسمي عالما إذا استدللت عليه؟ | هل يجوز أن يقلب الله الأسماء؟ | هل يجوز أن يسمي الله نفسه بضد أسمائه؟ | صفات الذات أقوال عندهم | هل يقدر الله على خلق العرض؟ | هل يوصف بالقدرة على ما أقدر عليه عباده؟ | هل الله قادر على جنس ما أقدر عليه عباده؟ | هل يوصف بالقدرة على الظلم؟ | جوابهم عمن سأل عن قدرة الله على الظلم | القول في أن الله قادر على ما علم أنه لا يكون | قولهم في وجود ما علم الله أنه لا يكون | اتفقوا على أنه ليس لله علم حادث | اتفقوا على إنكار القول بالماهية | [+] | اختلاف الناس في التجسيم | أقوال المجسمة | اختلاف المجسة في مقدار البارئ تعالى عن ذلك | [+] | باب اختلافهم في البارئ هل هو في مكان دون مكان أم لا في مكان؟ أم في كل مكان؟ وهل تحمله الحملة أم يحمله العرش؟ وهل هم ثمانية أملاك أم ثمانية أصناف من الملائكة؟ | قول منكري أنه في مكان | أقوال مثبتي أنه في مكان | اختلافهم في العرش | [+] | القول في المكان | اختلافهم في المكان | اختلافهم في أنه تعالى لم يزل عالما قادرا | اختلافهم في معنى ""يتحرك"" | اختلافهم في جواز رؤية الله تعالى | اختلافهم في كيفية الرؤية | اختلافهم في رؤية الله عز وجل بالأبصار | اختلافهم في آلة الرؤية | الإختلاف في رؤية الله تعالى بالقلوب | الإختلاف في جواز رؤيته تعالى بالأبصار | الإختلاف في العين والوجه واليد ونحوها | القول في الوجه | حكايات اختلاف الناس في الأسماء والصفات | اختلاف الذين قالوا: لا يعلم الله الشيء حتى يكون | هل يعلم الشيء من غير أن يلابسه؟ | [+] | أقاويل الناس في المحكم والمتشابه | قول المعتزلة في المحكم والمتشابه | الإختلاف في علم المتشابه | قول المعتزلة في القراءة | اختلافهم في جواز اللفظ بالقرآن | اختلافهم في وجه الإعجاز | هل يرتكب النبي كبيرة؟ | هل تكون بعثة النبي خاصة؟ | قولهم في معاصي الأنبياء | قولهم في دلالة الأعراض | هل النبوة جزاء أم لا؟ | [+] | قول المعتزلة في القدر | هل خلق الله المعاصي؟ | حسن الإيمان وقبح الكفر | هل يقال الإنسان خالق لفعل نفسه؟ | هل يريد الله المعاصي؟ | [+] | اختلاف المعتزلة في الاستطاعة | هل الإنسان حي مستطيع بنفسه؟ | هل الاستطاعة هي السلامة؟ | هل تبقى الاستطاعة؟ | القدرة قبل الفعل أو معه | هل الاستطاعة قدرة على الفعل في حاله؟ | هل للإنسان قدرة على ضد ما فعله؟ | هل يجوز فناء الاستطاعة في الوقت الثاني؟ | هل الإنسان قادر في الأول؟ | هل الفعل واقع بالاستطاعة؟ | هل تستعمل القوة في فعله؟ | هل يوصف الإنسان بالقدرة على ما يكون في الوقت الثالث؟ | هل يقدر في الأول أن بفعل في الثاني الضدين؟ | هل يقدر الإنسان على حركة في الثاني أو أكثر؟ | هل القدرة التي بها الكلام عي التي بها المشي؟ | هل القدرة جنس واحد؟ | في أي وقت يحدث فعل الجوارح؟ | هل الإنسان قادر على ما لا يخطر بباله؟ | هل يقال: إن الله قوى الكافر على الكفر؟ | هل يحس مالا قدرة فيه؟ | هل يكون حيا مع عدم قدرته؟ | هل يعجز القادر؟ | هل تكون القدرة في الإنسان ولا يقال: قادر؟ | هل الممنوع قادر؟ | هل القادر على شيء يقدر على الأكثر منه؟ | هل يقدر على حمل جزأين بجزء من القوة؟ | اختلافهم في العجز؟ | هل العجز عجز عن شيء؟ | هل العجز عن الفعل عجز عنه في حاله؟ | هل يبقى الأمر إلى حال الفعل؟ | هل يجوز أن يؤمر بالصلاة قبل وقتها؟ | هل يأمر الله من يعلم أنه يحول بينه وبين الفعل؟ | اختلافهم في قدرة من علم الله أنه لا يؤمن | هل يقال: ""لو كان الشيء"" في حال وجود ضده؟ | هل يقال: خلق الله الشر؟ | أقوالهم في اللطف | أقوالهم في اللذة والألم؟ | هل كان يجوز أن يبتدئ الله الخلق في الجنة ولا يكلفهم؟ | اختلافهم في لعن الله للكفار في الدنيا؟ | هل للصلاح كل أم لا؟ | هل يجوز أن يميت الله من علم أنه يؤمن قبل أن يؤمن؟ | هل يخترم الله من علم أنه يزداد إيمانا؟ | خلق الله الخلق لينفعهم | خلق الشيء لا ليعتبر به | اختلافهم فيمن قطعت يده وهو كافر ثم آمن أو عكسه | هل خلق الله الخلق لعلة أم لا؟ | اختلافهم في إيلام الأطفال | هل يجوز أن يبتدئ الأطفال بالعوض عن الألم؟ | هل العوض الذي للأطفال دائم أم لا؟ | لا يؤلم الله الأطفال في الآخرة | اختلافهم في عوض البهائم | هل يمكن الله عقولها أم تبقى على حالها في الدنيا؟ | هل يقتص من بعضها من لبعض؟ | اختلافهم فيمن دخل زرعا لغيره | نعيم الجنة تفضل أو ثواب؟ | [+] | القول في الآجال | اختلافهم في الأجل | لو لم يقتل المقتول هل كان يموت؟ | [+] | مسائل متفرقة | القول في الأرزاق - الرزق، وهل الحرام رزق؟ | القول في الشهادة - المراد بالشهادة | القول في الختم والطبع - المراد بالختم والطبع | القول في الهدى - هل يقال: هدى الله الكافرين أم لا؟ | ما الهدى الذي يفعله الله بالمؤمنين؟ | القول في الإضلال - المراد بالإضلال عندهم | القول في التوفيق والتسديد - المراد بالتوفيق والتسديد عندهم | القول في العصمة - المراد بالعصمة عندهم | القول في النصرة والخذلان - معنى النصرة عندهم | معنى الخذلان عندهم | القول في الولاية والعداوة | القول في الثواب في الدنيا | الإيمان ماهو عند المعتزلة | اختلافهم في تحديد الصغيرة والكبيرة | اختلافهم في غفران الصغائر | هل تجتمع الصغائر فتكون كبيرة؟ | من تاب ثم عاد، هل يؤاخذ بما قبل التوبة؟ | سارق الدراهم من حرز هل يفسق أم لا؟ | اختلافهم في مرتكب المعصية عامدا | اختلافهم فيمن لم يؤد زكاته | هل يقال للفاسق: مؤمن أم لا؟ | هل يعلم وعيد الكفار بالعقل أم لا؟ | هل يجوز أن يعذب الله عبدا بذنب ويغفره لغيره؟ | الأخبار العامة تبقى على عمومها | ماذا يجب على سامع الخبر | بأي شيء يعلم وعيد أهل الكبائر؟ | رأيهم في الأمر المعروف والنهي عن المنكر | [+] | ذكر قول الجهمية | ما تفرد به جهم | [+] | ذكر قول الضرارية أصحاب ضرار بن عمر | ما فارق به المعتزلة | إنكاره حرف ابن مسعود | رأيه في سرائر الناس | قوله في رؤية الله في الآخرة | [+] | ذكر قول الحسينية الحسين بن محمد النجار | قوله في أفعال العباد | قوله في الاستطاعة | قوله في إيلام الأطفال | ذكر قول البكيرية | رأيه فيمن طبع الله على قلبه | رأي عبد الواحد بن زيد | رأيه في علي وطلحة والزبير | حكاية قول قوم من النساك | [+] | هذه حكاية جملة قول أصحاب الحديث وأهل السنة | ذكر قول أصحاب عبد الله بن سعيد القطان | ذكر قول زهير الأثري | ذكر قول أبو معاذ التومني | [+] | ذكر اختلاف الناس في الدقيق | قول المتكلمين في الجسم | الإختلاف في الجوهر ومعناه | قولهم في الجواهر | هل الجواهر جنس واحد | الإختلاف فيما يجوز على الجواهر | قولهم في اليد وما يجوز عليها | قولهم في اجتماع الجسم وتجزئته | هل يجوز أن يحل الجسم الواحد حركتان؟ | فولهم في الطفرة؟ | قولهم في الجسم هل يتحرك بحركة مكانه؟ | هل يتحرك الجسم ضد حركة مكانه؟ | هل يكون الساكن متحركا؟ | هل الأجسام كلها متحركة؟ | قولهم في وقوف الأرض | هل تكون الحركة سكونا أم لا؟ | قولهم في المداخلة والمكامنة والمجاورة | قولهم في الإنسان ماهو؟ | قولهم في الروح والنفس والحياة | قولهم في الحواس | هل يوصف البارئ على خلق حاسة سادسة؟ | هل الحواس جنس واحد؟ | هل الشم إدراك للمشموم ونحو ذلك؟ | قولهم في الحركات والسكون والأفعال | هل الطعم هو اللون أم غيره؟ | هل الحركات متشابهة؟ | معنى الحركة والسكون ومحلهما؟ | هل يوصف الشيء بالوقف لنفسه أو لعله اقتضته؟ | هل تبقى الأعراض؟ | هل تفنى الأعراض؟ | هل للأعراض بقاء؟ | قولهم في فناء الأعراض؟ | رؤية الأجسام والأعراض؟ | هل خلق الشيء هو الشيء نفسه أم غيره؟ | هل الخلق مخلوق؟ | قولهم في البقاء والفناء | أين يوجد البقاء والفناء؟ | قولهم في معنى الباقي | هل المعاني القائمة بالأجسام أعراض؟ | العلة في تسمية المعاني أعراضا؟ | هل يحوز قلب الأعراض أجساما والعكس؟ | قولهم في المعاني | هل الحركة حركة نفسها؟ | هل يجوز إعادة الأعراض؟ | هل المبتدأ هو المعاد؟ | قولهم في الأضداد | هل يوصف البارئ بالترك؟ | هل يوصف بإقدار خلقه على الحياة والموت؟ | قولهم في معنى الترك؟ | هل الترك هو أخذ الضد؟ | هل يكون الترك الواحد لمتروكين؟ | هل الأفعال المتولدة يجوز تركها أم لا يحوز؟ | هل يترك الإنسان ما لا يخطر بالبال؟ | هل الترك من أفعال القلب؟ | هل يحتاج الترك إلى إرادة؟ | هل الترك باق؟ | هل يجوز فعل المتروك؟ | هل يترك فعلين في حالة واحدة؟ | واختلفوا فيه من وجه آخرواختلفوا فيه من وجه آخر | قولهم فيما يقع بالحواس؟ | قولهم في سبب الإدراك؟ | كيف يدرك المدرك ببصره؟ | اختلافهم في محل الإدراك؟ | هل يكون الإدراك فعلا للشيء الذي أدركه المدرك؟ | قولهم في المحال ما هو؟ | هل الكذب من المحال؟ | قولهم في العلة؟ | قولهم في المعلوم والمجهول | هل يعلم الشيء الواحد بعلمين؟ | هل يعلم معلومان بعلم واحد؟ | هل يكون المثبت منفيا؟ | إذا أمر بالتحرك فما المأمور به؟ | هل يكون الأمر نهيا؟ | هلا الأعراض عاجزة وموات؟ | قولهم في التولد | قولهم في المقتول | قولهم في القتل أين يحل؟ | قولهم في المتولد ما هو؟ | المتحرك بتحريك اثنتين | إذا ترك سبب التولد | هل يفعل الإنسان في غيره علما؟ | هل تشترط المماسة في الفعل؟ | المتولد إذا بعد من السبب | الأسباب متقدمة أو مع المسببات | هل السبب موجود للمسبب؟ | مم يتولد التوجه؟ | هل تولد الحركة سكونا وعكسه؟ | هل يقع غير الإرادات متولدة؟ | هل يقع الفعل متولدا عن سبب من القديم؟ | ما الشيء المولد للفعل؟ | القدرة على الفعل المتولد | هل الإرادة موجبة لمرادها؟ | هل يقدر الإنسان على خلاف المراد؟ | متى يقصد الإنسان الفعل؟ | هل تجامع الإرادة المراد؟ | الإرادة التي هي تقرب بالفعل: مع الفعل أو قبله؟ | هل لإرادة العبد عبادة؟ | هل تدعو النفس للإرادة؟ | هل الإرادة مختارة؟ | هل أفعال الله مختارة؟ | قولهم في الإيثار في الإيثار | هل خفة الشيء وثقله هي الشيء؟ | هل يجوز رفع ثقل الأرضين؟ | ظل الشيء هل هو الشيء؟ | قولهم في القتل ما هو؟ | هل يضاد القنل الحياة؟ | قولهم في الحياة | قولهم في كلام الإنسان | هل الكلام مؤلف؟ | كيف يسمع الصوت؟ | هل يبقى الصوت؟ | هل يكون صوت في مكانين؟ | هل الصوت جسم؟ | هل يكون صوت لغير مصوت؟ | قولهم في: ""يا زيد"" | قولهم في الخواطر | قولهم في حكم العامة وأشباههم | قولهم بطاعة لا يراد بها الله | قولهم في عذاب القبر | هل يجوز أن يوجد العالم لا في مكان؟ | هل يتحرك الجسم بغير دافع؟ | هل الحركة في جهة غير الحركة في غيرها | هل تكون حركة أخف من حركة؟ | هل أفعال القلوب حركات؟ | هل يخلق العلم بالألوان في قلب الأعمى؟ | هل يبقى كلام العباد؟ | هل يفعل الكلام بغير لسان؟ | هل الهواء معنى؟ | هل يجوز أن يرتفع الهواء من حيز الأجسام؟ | قولهم فيمن مد يده وراء العالم | قولهم في رؤيا النوم | قولهم في مايراه الرائي في المرآة | هل يدخل الجن في الناس؟ | هل يرى المصروع الشيطان؟ | كيفية وسوسة الشيطان؟ | هل يعلم الشيطان ما في القلوب؟ | هل يخبر الجن الناس بشيء؟ | هل يقدر الشيطان على حمل ما لا يستطيعه الإنسان؟ | هل يتشكل الشيطان؟ | هل تظهر الأعلام على غير الأنبياء؟ | هل الملائكة أفضل من الأنبياء؟ | هل الجن مكلفون؟ | هل ترى الشياطين في الدنيا؟ | هل ينقلب الجن إلى صور أخرى؟ | هل إبليس من الملائكة؟ | هل الملائكة جن؟ | قولهم في معنى السحر ومداه | قولهم في حقيقة المكان | قولهم في حقيقة الوقت | هل يكون وقت واحد لشيئين؟ | هل يوجد شيء لا في وقت؟ | قولهم في حقيقة الدنيا | قولهم في حقيقة الخبر | قولهم في حقيقة الكلام | قولهم في الصدق والكذب | هل يسمى الخبر صدقا قبل وقوع مخبره؟ | قولهم في العام والخاص | هل يشترط في الأمر مقارنة النهي عن ضده؟ | قولهم في الإثبات والنفي | هل يوصف فعل بأنه لا طاعة ولا معصية؟ | هل يقال لم يزل الله خالقا؟ | هل يقال: لم يزل الخالق؟ | هل النبوة ثواب أو ابتداء؟ | هل توجد قوة ولا يقال: قوي؟ | قولهم في المقطوع والموصول | قولهم في حكم الصلاة والدار المغصوبة | قوله في حكم الصلاة خلف الفاجر | قولهم في السيف | قولهم في الأمر بالمعروف والنهي عن المنكر بغير السيف | قولهم في الحكمين | قول الخوارج في علي والحكمين | قولهم في إمامة عثمان | قولهم في إمامة علي | قولهم في إمامة أبي بكر وطريقها | قولهم في القتال بين الصحابة | قولهم في أفضل الناس بعد الرسول صلى الله عليه وسلم | اختلافهم في طريق الإمامة | هل يكون إمام بعد علي؟ | قولهم في من تنعقد بهم الإمامة؟ | هل الإمامة واجبة؟ | هل يجوز أن يتعدد الإمام؟ | هل يجوز أن لا يكون إمام؟ | هل تجوز إمامة المفضول؟ | هل تكون الإمامة في غير قريش؟ | في أي قريش تكون الإمامة؟ | في أي بني هاشم تكون الإمامة؟ | هل العربي أولى من العجمي في الإمامة؟ | إذا عقد لاثنين فأيهما أولى؟ | إذا بويع إمامان في وقت واحد؟ | هل تورث الإمامة؟ | هل للإمام أن يوصي إلى غيره؟ | اختلافهم في الدار أهي دار إيمان؟ | قولهم في أحكام الجائر | قولهم في حكم الإمام الخاطئ | قولهم في قتال البغاة | قولهم في معاملة قتلى البغاة | اختلافهم في قتل البغاة غيلة | اختلافهم في الخوارج على السلطان | هل يجوز الخروج مع إمام؟ | اختلافهم في جواز التكسب | هل يجوز معاملة البغاة؟ | اختلافهم في حكم من اشترى بمال حرام | اختلافهم في حكم الحج بمال حرام؟ | اختلافهم فيمن ذبح بسكين مغصوبة | اختلافهم في الطلاق لغير العدة | اختلافهم في المسح على الخفين؟ | هل أحكام الله تعالى معللة؟ | خلافهم في التقية | اختلافهم في إمامة يزيد؟ | اختلافهم في العشرة المبشرين بالجنة | هل العلم هو العالم؟ | اختلافهم في الصراط | اختلافهم في الميزان | قولهم في الحوض | اختلافهم في منكر ونكير؟ | قولهم في الشفاعة؟ | اختلافهم في تخليد الفساق في النار؟ | اختلافهم في بقاء نعيم الجنة وعذاب النار؟ | هل الجنة والنار مخلوقتان؟ | هل الجنة والنار تفنيان؟ | قولهم في الإرجاء | واختلفوا في الصغائر | هل يجوز العفو عن الكبائر؟ | بأي شيء تغفر الصغائر؟ | مايقع سهوا أو خطأ هل يكون معصية؟ | قولهم في وجوب التوبة | قولهم في إكفار المتأولين | هل يعد خلاف أهل الأهواء خلافا؟ | ما نصنع إذا اختلفت الأمة ثم أجمعت؟ | هل يجوز الإجماع على ما يختلف في مثله؟ | هل يكون النسخ في الأخبار؟ | هل تنسخ السنة بالقرآن؟ | هل يكون لفظ: افعلوا أمرا بظاهره؟ | من يجوز له أن يجتهد؟ | هل يكون ما علم بالاجتهاد دينا؟ | قولهم في حد البلوغ | [+] | اختلاف الناس في الأسماء والصفات | هل الصفات هي الله تعالى؟ | اختلاف آخر لهم في العلم | اختلافهم في الكريم: أهو من صفات الذات أم من صفات الفعل؟ | قولهم في معنى أنه تعالى متكلم | معنى أنه تعالى قديم | هل يسمى الله شيئا؟ | معنى أنه شيء؟ | معنى أنه تعالى غير الأشياء؟ | قولهم في معنى أنه تعالى موجود؟ | معنى أن له وجها ويدا ونفسا | اختلافهم في معنى أنه عالم قادر وفي تسميته بسائر الأسماء | هل يجوز أن يسمي نفسه بغير ما سماها؟ | هل يقال: إن الله يضر أم لا يقال؟ | معنى القول: إن الله خالق | هل يقال للإنسان فاعل على الحقيقة؟ | قولهم في معنى مكتسب | معنى الأول والآخر | معنى القول: إن الله كامل | اختلافهم في الترك | معنى أنه لم يزل خالقا | تفصيل مقالة ابن كلاب | قول أصحاب ابن كلاب في القديم | هل الصفات أشياء أم لا؟ | معنى القول: إن الله قادر | هل يقدر القديم على ما أقدر عليه؟ | هل يقدر الله على جنس ما أقدر عليه عباده؟ | قولهم في قدرة الله على ما علم أنه لا يكون | قولهم في قدرة الإنسان على ما علم الله أنه لا يكون | قولهم في جواز كون ما علم الله أنه لا يكون | هل يقدر الله أن يقدر أحدا على فعل الأجسام؟ | هل يقدر الله أن يقلب العرض جسما وعكسه؟ | هل يقدر الله على صيرورة الجسم جزءا لا يتجزأ؟ | هل يجمع الله بين العلم والقدرة والموت؟ | هل يجوز أن يفرد الله الحياة من القدرة؟ | القول في وقوف الأرض لا على شيء | هل يقدر على خلق جواهر لا أعراض فيها؟ | هل يقدر على خلق لطيفة لمن علم أنه لا يؤمن لكي يؤمن؟ | قولهم في أن البارئ لم يزل محسنا؟ | هل يقال: لم يزل الله غير محسن؟ | هل يقال: لم يزل عادلا؟ | هل يقال: لم يزل غير عادل؟ | هل يقال: لم يزل حليما؟ | هل يقال: لم يزل غير حليم؟ | قولهم في أنه لم يزل صادقا | هل يقال لم يزل غير صادق؟ | هل يقال: لم يزل رحيما؟ | هل يقال: لم يزل غير رحيم؟ | قولهم في مالك | قولهم في الولاية والعداوة | قولهم في القرآن؟ | اختلافهم في كلام الله: هل يسمع؟ | ما القرآن وكيف يوجد؟ | هل ينتقل القرآن؟ | هل يبقى الكلام؟ | هل القراءة هي الكلام؟ | هل القراءة هي المقروء؟ | هل القرآن يجامع الكتابة؟ | هل المسموع الكلام أو الصوت؟ | كلام الإنسان هل هو حروف؟ | كم أقل الكلام من حرف؟ | هل يكون الكلام اضطرارا؟ | معنى إسناد الكلام إلى غير المتكلم؟ | هل يتكلم بكلام غير مسموع؟ | كيف يكون الناسخ والمنسوخ؟ | هل ينسخ القرآن أو السنة بغير القرآن؟ | حكم تعارض النصين | هل يجوز النسخ في الأخبار وفي مدح الله؟",https://shamela.ws/book/4137,shamela_output/الفرق_والردود/مقالات_الإسلاميين_ت_زرزور.txt,,,,,,,,مقالات الإسلاميين واختلاف المصلين,نعيم زرزور,,,,,,,,[أبو الحسن الأشعري],٢,,,,,
